model,accuracy,f1_macro,f1_weighted,precision_macro,recall_macro
openai,0.8238843494657448,0.47317472818431744,0.8720018861452086,0.4351696843409361,0.8433186643175544
gemini,0.8257699560025141,0.4662361433621576,0.87312392920818,0.4304583080446887,0.745617224063395
claude,0.8568196103079824,0.35945432185068676,0.8925903064603503,0.3302966899364166,0.574535726944162
